[{"id":"user-image-oie_transparent.png","fileName":"oie_transparent.png","name":"oie_transparent","publicUrl":"https://assets.nicepagecdn.com/2ceb5417/4333359/images/oie_transparent.png","size":12520,"hash":"VaG5gEeuC51Ck9WeR92qZ08jsao=","width":208,"height":240,"thumbnail":{"url":"https://assets.nicepagecdn.com/2ceb5417/4333359/images/thumbnails/oie_transparent.png","width":130,"height":150},"usages":[]},{"id":"user-image-NASA.png","fileName":"NASA.png","name":"NASA","publicUrl":"https://assets.nicepagecdn.com/2ceb5417/4333359/images/NASA.png","size":25966,"hash":"54zOtByOrZpY463c3lKlZtMZ4po=","width":500,"height":500,"thumbnail":{"url":"https://assets.nicepagecdn.com/2ceb5417/4333359/images/thumbnails/NASA.png","width":150,"height":150},"usages":[]},{"id":"user-image-indomay19.jpg","fileName":"indomay19.jpg","name":"indomay19","publicUrl":"https://assets.nicepagecdn.com/2ceb5417/4333359/images/indomay19.jpg","size":434459,"hash":"jTZO9UupryBfhnAC7cpARdj88X4=","width":1920,"height":1920,"thumbnail":{"url":"https://assets.nicepagecdn.com/2ceb5417/4333359/images/thumbnails/indomay19.jpg","width":150,"height":150},"usages":["4333383"]}]